date,Close,High,Low,Open,Volume
Ticker,ACN,ACN,ACN,ACN,ACN
Date,,,,,
2022-05-31,280.4279479980469,284.99433651389654,278.77430133457705,284.1299074947426,4143700
2022-06-01,280.60650634765625,288.17954435974326,279.4132460512911,285.75543241176763,1784600
2022-06-02,288.0949401855469,288.226495571396,279.8829937897086,281.8373138492813,1318500
2022-06-03,286.52587890625,288.2828947221365,283.6789432493545,284.0359607427223,1714500
2022-06-06,286.3191833496094,293.4506160104669,285.41716288133017,291.2707762228287,1401000
2022-06-07,288.01043701171875,288.3487018739354,282.2601924182692,282.27897375969087,2311100
2022-06-08,284.3554992675781,288.8373012165344,283.5004750369752,286.5729020577785,1428600
2022-06-09,277.5810852050781,284.33669137165646,276.9421754479296,282.4857111385891,2497900
2022-06-10,268.73016357421875,273.6253833502355,268.70197722901327,273.31533355297523,2169900
2022-06-13,259.7947692871094,264.314162437223,258.25383898975565,259.94510604834915,2414200
2022-06-14,258.49810791015625,260.49942457858634,256.1397450620699,258.05650268907635,2052600
2022-06-15,264.2013244628906,268.57978432576493,259.41885082475983,260.2456883849655,2536000
2022-06-16,254.5330810546875,258.76120541996073,252.83243777055966,258.714237729868,2741800
2022-06-17,258.742431640625,261.7584857473347,254.5612748432471,256.13976777070224,4446100
2022-06-21,265.6483459472656,267.13287466099155,260.89405765205305,261.345039198602,2550200
2022-06-22,269.09661865234375,272.81736003908713,262.22826785871405,262.22826785871405,2939000
2022-06-23,268.56103515625,268.9838590369862,258.38536240946985,259.32494554550425,3482100
2022-06-24,281.28302001953125,281.5085108135361,267.7530275769673,268.16644648184547,4647900
2022-06-27,274.9408264160156,282.8145380772027,274.02005324792856,280.87899901416665,2107500
2022-06-28,266.6536865234375,278.6145903465361,266.3624180408166,275.38242201635364,2167500
2022-06-29,262.9047546386719,264.16379259837197,258.62025783814573,261.5987489917553,2405800
2022-06-30,260.8752746582031,263.70342931908186,258.6860583774481,260.5746011468278,2562200
2022-07-01,263.6940002441406,265.3100843780291,259.58802654537203,260.80947314737307,2400200
2022-07-05,258.5450744628906,259.7101482421378,253.386744140356,259.58799786067505,3181300
2022-07-06,259.2685546875,262.340981004517,258.34775295612684,261.1665021667552,2260300
2022-07-07,262.51947021484375,262.8577349868564,257.8309604749663,260.50877761436533,2169100
2022-07-08,262.2094421386719,262.9047244028032,258.5544504014443,260.875221624308,1987600
2022-07-11,258.2632141113281,261.24170529321833,256.8068717081685,260.0484163495308,1850000
2022-07-12,257.13568115234375,262.4161327971216,255.97998378954932,258.00948642299994,2280400
2022-07-13,256.63592529296875,259.39868880236764,252.07214269674293,252.89251166757361,2185200
2022-07-14,253.3357391357422,254.5898170546989,246.82953190148615,253.1848676429107,1877700
2022-07-15,256.02301025390625,257.27711673891275,251.6289758783841,256.5699229209255,1741100
2022-07-18,253.3168182373047,259.5872642950999,252.69448422833784,257.4185481107103,2048900
2022-07-19,264.05682373046875,264.49056133532815,256.23052604045074,256.8434505401194,1942100
2022-07-20,265.5843200683594,267.47017050232415,263.5004633960506,264.01906075507327,2158500
2022-07-21,271.5718688964844,271.77931357076665,264.73566188027075,265.1316743102156,1546800
2022-07-22,271.5718688964844,274.46662710133535,269.4879836943521,271.0909678843322,1502400
2022-07-25,272.77880859375,273.0333880099326,269.1579796846468,271.7887199792373,1354700
2022-07-26,268.9034118652344,272.2319367968982,267.4701758659659,271.47760811850316,1710700
2022-07-27,280.548583984375,282.4155865749269,271.5153716075884,272.3545602228728,1821500
2022-07-28,286.3475341796875,287.1207397940264,277.9460667148851,280.02995224444214,1845400
2022-07-29,288.7802734375,290.19466120065505,285.63090680463654,287.14900252470915,1868000
2022-08-01,287.3470153808594,289.2705908403319,283.8582094167636,285.26315875231023,1425700
2022-08-02,285.2159729003906,289.08194249553145,282.3211861575141,285.1216746424093,1772100
2022-08-03,290.58123779296875,291.7504556969047,284.4050611848847,284.83879866928186,1359800
2022-08-04,292.8819885253906,293.0705850795496,289.85520662895965,291.54305082856183,1624600
2022-08-05,291.6939392089844,291.9202320664447,286.9415877717477,287.46962362301895,1504500
2022-08-08,292.6179504394531,294.95641518113763,290.9112582124267,292.7782603770145,1604700
2022-08-09,292.10870361328125,293.3250559773452,290.25114046784904,290.5151582804889,1761100
2022-08-10,298.4169616699219,299.633314394194,296.4273746410859,297.02142208939136,1474800
2022-08-11,296.4745178222656,301.61344226891873,295.880470414719,299.61444569328194,1570100
2022-08-12,302.1509704589844,302.62243308561796,296.49341893938157,298.68101243315215,1774400
2022-08-15,302.04730224609375,302.6413498945566,299.4636956742285,299.5485555131801,1125300
2022-08-16,302.4715576171875,304.45170637818615,299.96337302336184,300.0293846964139,1596000
2022-08-17,300.2745056152344,302.0471806080149,297.6154499623785,299.30329392617153,1505900
2022-08-18,301.22686767578125,302.5469571626756,298.3603958687515,300.7931301534715,1386200
2022-08-19,297.2948913574219,299.61447926873194,295.6730588787986,298.8129871016821,1672500
2022-08-22,292.3067932128906,294.9941356153288,290.9018439634433,291.67502070814675,1648100
2022-08-23,289.1951904296875,293.50433702327666,289.00659386627547,290.4964031243666,1217900
2022-08-24,288.7802734375,290.4021058902829,286.51722999581773,289.1762858967395,1695500
2022-08-25,292.0899658203125,292.9574697754787,288.4220012913984,289.5912194791555,1722900
2022-08-26,281.1142883300781,292.2219457920398,280.99170345263303,292.14649566324607,1701600
2022-08-29,278.294921875,280.86908892644516,276.4656449180561,278.16289855144396,1662800
2022-08-30,275.8056945800781,280.9917845636351,273.13722821352764,280.5580469131438,1661100
2022-08-31,271.99615478515625,279.03039645222384,271.02494312426364,277.83286320936566,2455000
2022-09-01,272.307373046875,272.53366588369727,267.9133382185529,271.3738575433969,2021400
2022-09-02,267.8567810058594,276.4279680218948,266.67812445069836,275.8716455809542,1889400
2022-09-06,267.2815856933594,269.88406861484185,265.29202721048347,267.7342001766853,2354500
2022-09-07,270.39324951171875,271.600192661107,263.44389513608394,266.05578767692555,1899300
2022-09-08,271.52471923828125,271.8453103374868,266.24433262170174,267.97934022743715,1790700
2022-09-09,273.9668273925781,275.4189398446025,272.4110070104446,272.8824694762902,2005100
2022-09-12,278.40814208984375,279.8696648407402,275.965968938715,277.0974620690162,2026400
2022-09-13,265.4523010253906,273.39174414233474,264.33965615751936,271.65676516807923,1789200
2022-09-14,262.63299560546875,266.45183174841435,260.27568223925596,264.90544914359367,2397600
2022-09-15,258.2294616699219,264.48105987095073,256.1267570515727,261.4071435220632,2198700
2022-09-16,257.11688232421875,258.4652586936596,254.71243414722136,257.4846370299564,3838900
2022-09-19,259.2855529785156,259.62499220033123,254.77837217551448,254.94809178642228,2165200
2022-09-20,254.81607055664062,256.38132968028657,252.35504985086445,256.10787334327017,2390100
2022-09-21,250.27117919921875,259.247815307573,250.10143082077732,254.5897632628489,2746500
2022-09-22,247.3480987548828,255.96641849525872,246.98978264228424,249.0170656850631,3462900
2022-09-23,245.1416473388672,245.499934660599,241.57739205562362,244.34959380656716,3100000
2022-09-26,242.84097290039062,247.38585066014176,242.38835842863773,243.31243551754363,2349800
2022-09-27,241.70945739746094,248.17793963650377,239.75760959337285,244.6608180617514,2495800
2022-09-28,246.98040771484375,248.65881353523727,241.4171544074132,242.33179306534535,2552600
2022-09-29,243.52928161621094,246.20718573740004,241.0965472558511,244.14220601828407,2559100
2022-09-30,242.61463928222656,248.97938429913162,242.28463848716964,243.94416724996412,2924400
2022-10-03,249.77145385742188,251.85531035718444,243.90645834238947,245.4151155440072,1893900
2022-10-04,258.65386962890625,259.24791724756716,254.51444199899012,254.96702778402687,3143700
2022-10-05,258.6820983886719,261.13370968727526,254.19376518549623,255.86276122196458,1843000
2022-10-06,254.0900115966797,259.97385463610186,253.8354321952469,257.9748581560822,2336800
2022-10-07,244.8870849609375,251.62899409192067,243.5481473497418,251.27070670320379,1951200
2022-10-10,243.13328552246094,246.56551852628786,241.3228563509181,246.56551852628786,1526800
2022-10-11,238.54122924804688,242.6240973675424,236.9288351038976,241.5774641369283,2261800
2022-10-12,236.84588623046875,240.50174908747323,236.71327579129908,239.03372724670874,1699400
2022-10-13,243.84507751464844,245.46467067208422,230.1023957284033,230.78432208317687,3435100
2022-10-14,239.355712890625,247.9460819097975,238.73061140957265,247.32098042874517,1723100
2022-10-17,248.3533477783203,248.9689688578561,243.99659806323177,244.27127044779579,2534800
2022-10-18,250.08657836914062,255.48516430142425,248.1071045683052,254.7937575292875,2114500
2022-10-19,250.09605407714844,250.68326279406622,246.04238894023334,248.3154670621355,2412600
2022-10-20,247.93666076660156,255.39995859905446,246.84748035585255,250.30445683508228,1970100
2022-10-21,255.314697265625,255.61778207063236,246.89480136851614,247.69985773642287,3206600
2022-10-24,260.75115966796875,262.29496725660294,255.8356129487173,258.3454708824971,2201900
2022-10-25,265.7708435058594,266.28229546400854,260.92160259472075,260.92160259472075,1701400
2022-10-26,265.0699157714844,268.631088777747,263.29880969775746,263.29880969775746,1772500
2022-10-27,264.094482421875,267.8450630683351,263.72512128808967,266.3107359358632,1927800
2022-10-28,272.5617370605469,272.9784714765914,264.3028633029315,264.3028633029315,2306300
2022-10-31,268.88690185546875,272.7037877643905,268.29021265245655,268.48912832263335,2364500
2022-11-01,266.58538818359375,272.9500242948882,265.7235070649672,271.8797759947941,1537200
2022-11-02,258.04241943359375,268.23339375482607,257.7109222131089,264.97530414915036,1727200
2022-11-03,243.2957305908203,254.21600240411314,242.48119389966087,252.5396135765145,3225500
2022-11-04,247.3494110107422,250.19076582245484,242.5854072659209,246.1844451325879,2496300
2022-11-07,254.841064453125,254.87892836499068,247.5482437978023,248.85527135090553,2170000
2022-11-08,254.80325317382812,260.36283336473787,252.04713525680168,256.754314697976,2444000
2022-11-09,252.35018920898438,254.95476440026903,251.33676574311053,252.23653964342006,1831600
2022-11-10,271.8418884277344,272.1165608321988,262.70220246665843,263.4693659896822,3121400
2022-11-11,274.74957275390625,276.3123123306878,265.7898407971003,272.0218671416099,2620500
2022-11-14,273.63189697265625,277.34458378242465,269.90972973257567,271.01784173656864,2493000
2022-11-15,277.1741638183594,280.77323068898045,274.69271850498103,277.5056610030393,1960700
2022-11-16,276.0944519042969,277.58140559854706,274.76846322362,277.26886929189084,1607900
2022-11-17,271.95556640625,274.37070654411934,268.36597990511143,270.6958828632185,1555400
2022-11-18,271.3493957519531,275.5167105342334,268.0723744931665,275.2420381313453,1322900
2022-11-21,271.8418884277344,273.55617026597344,270.01395701627064,270.4022789939597,1308100
2022-11-22,277.4014892578125,278.21599711172377,271.9744910619915,273.57512328107947,1417500
2022-11-23,278.9547424316406,280.716397440792,276.9373758953771,277.58140938097836,1229100
2022-11-25,280.7259216308594,281.78668974141584,278.7369669716844,278.7369669716844,677900
2022-11-28,275.23260498046875,279.3715076459663,274.4559609776899,277.751943321154,1253100
2022-11-29,272.75115966796875,275.2515371446232,271.4630636497609,274.01081438735656,1055000
2022-11-30,285.0163269042969,285.0542197325159,271.093704072872,271.4630652107904,2767100
2022-12-01,286.8158264160156,288.99421588126773,284.13549430406704,286.4559457357198,1767200
2022-12-02,284.258544921875,286.17171297719403,280.78260896132736,283.23564124195264,1744500
2022-12-05,277.2593994140625,281.48356780500274,275.21362043590125,280.12916668125615,1800300
2022-12-06,270.3170471191406,277.0131806760291,267.34308167719576,275.86714668142196,1920300
2022-12-07,271.5293273925781,271.8797565127181,267.26729536194836,270.02341287687284,1861600
2022-12-08,276.7005920410156,278.5095913740549,271.67139642610886,272.7700570688646,2046000
2022-12-09,273.15838623046875,276.3406897731229,272.65641469890403,274.0865725489542,1827200
2022-12-12,276.8805847167969,277.4583419605883,269.4362480975588,271.00846808235224,2429900
2022-12-13,279.73138427734375,287.8576462422739,277.439345367168,286.9389403725916,3516800
2022-12-14,276.03765869140625,281.5688264675551,272.6374783300518,278.5001433142828,2552200
2022-12-15,266.2538757324219,273.1394438544575,264.5111816345061,272.2301895308671,2870000
2022-12-16,250.49388122558594,260.4575562445703,249.32891520502957,260.1450198947309,6532500
2022-12-19,241.89401245117188,250.28549577217828,240.71959498695372,249.2436598424248,4147500
2022-12-20,248.05027770996094,248.55224925426916,240.09448974759667,240.32180334293332,3102500
2022-12-21,254.6990203857422,256.3943410287295,250.4275083677514,250.49381357379042,3580100
2022-12-22,250.75909423828125,251.86720665708938,246.85697078403817,250.45600939234194,2276200
2022-12-23,252.01864624023438,252.60585482477182,249.3856591360584,251.73452237795817,1213300
2022-12-27,251.2799530029297,253.08895241820528,249.7551064189381,251.85771019391095,1009600
2022-12-28,249.20574951171875,254.90741987961374,248.77956364113612,252.0281723042941,1387000
2022-12-29,254.18760681152344,256.5459220628262,251.54513873597864,251.54513873597864,1516800
2022-12-30,252.7290496826172,252.77642294099195,248.71327724481412,251.49780742499112,1339500
2023-01-03,255.96817016601562,258.96106710185717,252.92789997862798,254.9642272012796,2250100
2023-01-04,255.0968780517578,260.43863994581255,252.89010479650824,258.9705890164306,2052400
2023-01-05,249.07313537597656,253.96026837841575,247.5766725496233,253.27834217101142,2477100
2023-01-06,254.9737091064453,256.1860193726618,247.5483051128997,250.02029890252288,1587000
2023-01-09,259.273681640625,263.7630139474999,257.1521455131165,257.54046755498405,2181500
2023-01-10,260.3912353515625,261.6793313094338,256.924778797687,258.8853206763454,1853000
2023-01-11,267.3049011230469,267.4095253667763,261.247084856159,261.45630432163625,2382400
2023-01-12,269.9296875,273.857290874346,268.53172746882575,268.8835900239537,2482500
2023-01-13,268.3130187988281,268.8075244157445,265.3078792299073,266.582205606642,2226800
2023-01-17,270.9187316894531,273.6480753561777,268.5032027591104,269.16890907772006,2863700
2023-01-18,264.2807312011719,273.20104283681604,263.40583461416713,270.63335224308355,2192700
2023-01-19,259.5163269042969,265.27933845853534,259.2310117744726,263.6911683996022,2212500
2023-01-20,266.7248229980469,267.2954242069513,259.4402181845261,261.04739756231504,3306600
2023-01-23,265.65020751953125,269.00720945465554,263.83380859401296,264.90843462520303,2593300
2023-01-24,261.39923095703125,264.4899557203804,259.60187072454386,263.14905318656673,2205300
2023-01-25,259.7731018066406,260.3341838709753,252.6406584129153,257.47168730192453,2576300
2023-01-26,260.8192443847656,263.73876966178665,257.5953654830827,263.58663638244286,1942600
2023-01-27,263.6816711425781,265.72632816627566,259.5638865259977,259.86821108102083,2101100
2023-01-30,260.8761901855469,263.8528004483383,259.91567876577636,260.1629460275737,1732900
2023-01-31,265.37445068359375,265.37445068359375,260.48636422984634,261.4658853630401,1841800
2023-02-01,269.7014465332031,271.2895875658605,262.18861248655077,263.04449982974177,1797000
2023-02-02,279.6869201660156,281.2940999283431,272.8017142359651,275.23628191125795,2715900
2023-02-03,275.0460510253906,275.48349944766665,272.7066176099294,274.09505852879806,2168000
2023-02-06,270.5382995605469,273.69557193527334,269.54925944382273,271.98379740654235,1262400
2023-02-07,273.71466064453125,274.694181731201,268.65537372103864,268.84558382450325,1401100
2023-02-08,270.75701904296875,275.00795593299694,270.0628132138434,271.86969284241843,1381800
2023-02-09,271.18499755859375,275.1981866665924,270.48127246627627,273.33424967986815,1752000
2023-02-10,270.0437927246094,270.6239131777789,267.2478727577553,267.89456964394157,1347600
2023-02-13,274.2186279296875,274.2756851443518,270.43366823239455,270.43366823239455,1284500
2023-02-14,270.8140563964844,274.01892470255854,269.4636636347856,271.4797625896468,1821100
2023-02-15,273.5529479980469,273.72411965847715,268.1513183299217,268.1798469399934,1890200
2023-02-16,267.4380798339844,271.470278261813,264.9845322488584,269.1593737301273,1899200
2023-02-17,263.4724426269531,265.7072806546097,261.43733390656666,265.11766998816114,2722400
2023-02-21,255.95960998535156,259.7635797537298,255.60774742529438,258.6699442497183,2446200
2023-02-22,256.4160461425781,259.13587005903014,255.01808636802974,257.36703839677483,1823800
2023-02-23,257.9376525878906,258.9551922945947,254.68524614451465,257.50017523302745,1885500
2023-02-24,253.46798706054688,254.29534575231133,251.2902064771558,254.29534575231133,1735000
2023-02-27,253.20176696777344,256.7584698251855,252.45999393809956,255.73141063870995,1512900
2023-02-28,252.53599548339844,255.33191518738647,249.87322863292505,251.71815603003233,2160400
2023-03-01,250.67208862304688,252.93545522722897,248.92226605206224,252.02251062975557,1700500
2023-03-02,252.26025390625,253.14466987506046,248.79862763152948,250.94787974763585,2278300
2023-03-03,256.0071716308594,256.50167724242255,252.9544650601753,254.7803832802292,1596100
2023-03-06,256.4160461425781,258.71743114542517,255.8929829895817,256.9581186927456,1649100
2023-03-07,251.25221252441406,256.8060048530824,250.78620649707665,256.0261840923826,2219300
2023-03-08,250.73861694335938,252.57402499734837,249.62594325527417,250.51987828071563,1462700
2023-03-09,247.02980041503906,253.6296901345048,246.04076017164752,252.80230235027258,1949800
2023-03-10,240.5535125732422,247.58134547516465,239.2696816044395,247.3911644179254,2924600
2023-03-13,238.99391174316406,242.75032904134122,237.02536490539248,240.70570106578714,3232100
2023-03-14,240.1065673828125,244.1482997670828,237.71007687998429,243.8059273969724,2925600
2023-03-15,234.1057891845703,235.81757834694093,230.90094955209858,235.8080736472304,4508000
2023-03-16,240.5250244140625,241.3619024682114,231.59520530606704,232.94561293190196,4119600
2023-03-17,237.74810791015625,243.197290480379,236.2455381268449,241.8659068804793,6470800
2023-03-20,240.1731414794922,241.44746785507434,237.75761257730636,238.43282358851377,3182100
2023-03-21,244.99464416503906,245.83152207519535,241.49499928800665,242.38893441731148,2831200
2023-03-22,240.85784912109375,248.51334084043216,240.62960572122176,244.65231401963342,3059300
2023-03-23,258.34661865234375,261.1520290340077,246.59233659669948,246.73500868521404,5166900
2023-03-24,258.6699523925781,258.7460190206663,251.84183340866858,257.1959256697241,4123600
2023-03-27,260.5339050292969,260.9142962363686,257.37663189081155,257.46221773575354,3743800
2023-03-28,261.52288818359375,262.6260427582061,259.24051241838794,260.495829246945,2869400
2023-03-29,266.2208557128906,266.5251802929611,262.4739427589923,262.4739427589923,2431500
2023-03-30,268.8075256347656,269.168907404222,267.0196552102884,267.2288747072376,2293600
2023-03-31,271.8031311035156,271.9457741567997,268.759943864195,269.2449592673452,3009300
2023-04-03,271.8316345214844,272.4212451017378,269.28298213239725,269.5017208084836,2417300
2023-04-04,271.8316345214844,273.3437087901289,270.29103164482694,270.5002511109151,2331700
2023-04-05,267.5426940917969,272.8397290214514,267.14329351376125,272.21207051969463,2443200
2023-04-06,267.8945617675781,268.4080767506483,265.1937179021728,266.9055215783586,2125300
2023-04-10,267.87554931640625,267.92311635262473,262.81626246111756,264.36638481529695,1575900
2023-04-11,272.29766845703125,273.56250472831385,268.70291798505025,269.14039542879567,3122500
2023-04-12,270.91326904296875,275.58186765048066,270.13038612360754,275.33365851054623,2656000
2023-04-13,272.35491943359375,272.4981517706031,267.05619704278877,270.1876999617126,3164200
2023-04-14,266.6074523925781,272.04940667412944,265.20400286539586,270.46455672849885,2871700
2023-04-17,267.304443359375,269.0611373288854,266.15875944467365,266.15875944467365,2899000
2023-04-18,267.2853088378906,268.6696743629812,265.80549394082135,268.6219205410419,1893800
2023-04-19,267.22802734375,267.3235058516013,264.9462454266392,266.1778220292859,2204700
2023-04-20,263.07501220703125,265.00357938679576,261.59519701697445,264.7267003997686,2686100
2023-04-21,263.8196716308594,265.2517619818022,262.93178260590355,263.2468587992445,1600700
2023-04-24,264.6979675292969,265.0512117331392,262.41615681764074,263.31360221245706,1359700
2023-04-25,258.444580078125,264.18246885905273,258.3395449698139,263.3709451775579,1935400
2023-04-26,258.93145751953125,261.1846280074151,257.9672032258078,259.5424966809746,2009400
2023-04-27,262.97955322265625,263.97244828481615,258.56869018593693,261.45198425693115,1983600
2023-04-28,267.6004333496094,267.7340799760963,261.3278700991456,261.3278700991456,2084500
2023-05-01,266.769775390625,267.23758219932245,264.88896242837757,266.45469923035756,1165600
2023-05-02,264.2110900878906,267.6863096880108,261.6237885711541,267.1898330960221,1728300
2023-05-03,262.72174072265625,266.9225332454448,262.37805302473345,265.5286401328367,1951200
2023-05-04,254.43467712402344,261.385086650754,253.65179420178356,260.9077232790391,2586200
2023-05-05,253.62322998046875,258.13909932644395,252.42029373375257,257.03161247407087,2592700
2023-05-08,252.8307647705078,254.91206225622642,251.5323211379092,253.97641947885316,1843000
2023-05-09,251.55145263671875,252.51570698765815,249.83292674515025,251.0454485481022,2712000
2023-05-10,256.71649169921875,257.69030250250927,252.44886192958796,253.81411419959923,2800200
2023-05-11,259.94342041015625,260.10573676415845,256.03859181928675,258.07216429172263,2915700
2023-05-12,264.6407470703125,264.74575304220156,260.16307565747826,260.76455825561305,2664400
2023-05-15,264.9462585449219,265.9200694469413,262.1870839519397,263.8005746658802,2762700
2023-05-16,266.5501708984375,267.991817653572,263.8482778064681,264.5452388418273,2079000
2023-05-17,271.74395751953125,273.405173217887,267.54316444086504,268.45969422589343,2486600
2023-05-18,274.4648742675781,274.88495639552735,271.3906527690136,271.65797511080405,1869700
2023-05-19,276.78485107421875,278.15966000201166,274.34075278835354,275.5341612926217,2213300
2023-05-22,277.7778015136719,278.5606554235688,275.791953257661,276.2693167047469,2044100
2023-05-23,275.0567932128906,277.863692298067,274.1211504725154,276.06880127642233,2219800
2023-05-25,278.55108642578125,279.8781414600764,272.2689680828714,275.44822448246344,3689600
2023-05-26,289.8550720214844,294.62870618146945,280.34600093286025,280.6896886071229,4578800
2023-05-30,294.4664001464844,304.4719481863069,291.1916939903038,292.34690533954307,6238600
2023-05-31,292.0700378417969,296.2994706074304,289.28222274339566,290.8861567877608,5270100
2023-06-01,291.3826599121094,292.23235169768327,286.5039903295759,291.8886640008541,2393700
2023-06-02,297.29241943359375,298.06574588146174,292.7383535339796,293.5785178565898,2272500
2023-06-05,290.6666259765625,293.4830529431769,288.2225273625717,291.5163177949805,3008000
2023-06-06,294.0940856933594,295.3065783808538,288.0984018603504,289.1676913384484,2419400
2023-06-07,296.9486999511719,297.8747861890567,293.2539115919253,295.46888494339555,2490000
2023-06-08,293.4161682128906,296.7959091691075,292.82424227157645,296.7959091691075,1870300
2023-06-09,294.7432861328125,297.08237866361895,292.7574670248908,295.13472765334495,2202600
2023-06-12,297.3783264160156,297.7315706848305,293.6167003380204,293.89355014355317,2642300
2023-06-13,300.8916931152344,303.09710962881746,299.20183721686317,301.0444528951471,3981900
2023-06-14,300.7866516113281,303.9467948300777,299.1158797950609,301.7127377263542,2421100
2023-06-15,309.11187744140625,310.3625671857342,301.0635377210809,304.72968504063175,3288900
2023-06-16,305.0734558105469,313.08359971913694,304.6438170314121,311.16461837435503,5266300
2023-06-20,303.03033447265625,306.1236696681286,300.7485521648883,302.89668784754315,3349400
2023-06-21,299.0204772949219,303.28810771136006,298.9154421850295,302.161507823924,3121400
2023-06-22,293.33984375,293.64536335450833,282.5991659886086,284.70910430633506,4889000
2023-06-23,284.919189453125,288.9863360512316,284.22225734650925,286.4372019818369,4233800
2023-06-26,283.9453125,287.23910261085314,283.0860641726449,283.1624294998972,2826900
2023-06-27,287.19134521484375,287.40138626080443,282.70411793111435,283.66840125156307,2054200
2023-06-28,288.0602111816406,288.4707367699045,284.29858473746776,286.87635910908296,2061700
2023-06-29,294.37091064453125,296.509518555963,286.5135274814284,287.7546607059236,2739400
2023-06-30,294.609619140625,298.5335619190264,294.3709374114458,295.4784241311516,2668500
2023-07-03,296.8914489746094,297.1778554131069,293.4926232699819,294.0559086896637,1172800
2023-07-05,295.8698425292969,297.8556906769283,291.220327470184,292.28008941557255,1924800
2023-07-06,294.0272216796875,294.485501044971,290.8575216256985,293.02477016707104,1375800
2023-07-07,291.9173278808594,297.1683262196396,291.4590484459857,292.84341420786427,1902800
2023-07-10,294.4855041503906,295.115598222368,290.3515206353354,291.39216939002034,1684500
2023-07-11,295.6979675292969,296.72905959025263,291.98406651977666,294.48547505658854,1347800
2023-07-12,300.7572326660156,301.5237743731553,297.7580877949135,299.28160917599547,1788200
2023-07-13,302.0316467285156,303.2581311344727,301.1405353204824,301.8304346264392,1822700
2023-07-14,302.5682373046875,304.59962863910596,301.84003136533295,302.85571241169447,1295500
2023-07-17,306.4106140136719,307.3209080432801,301.84004903744767,302.4820212547949,2033400
2023-07-18,308.9497985839844,309.2468357252697,306.0464783785505,306.16145672463574,1574200
2023-07-19,305.4715576171875,310.6362258520775,305.3757618231806,309.4959751831198,2170900
2023-07-20,299.4062194824219,303.02818363813634,297.7293836836337,303.02818363813634,2097000
2023-07-21,301.6387634277344,303.2581098901964,299.4828319028617,300.09608868372686,3265700
2023-07-24,300.19195556640625,303.612678505799,299.6074432880404,301.45674668032694,1341500
2023-07-25,304.31219482421875,306.04652001088533,299.93325035105545,300.3644484492275,2163900
2023-07-26,303.2773742675781,305.24165626798793,301.23642052802705,303.16239590056693,1512500
2023-07-27,305.4906921386719,310.03251154825875,304.6570700183493,306.62135135378315,2981200
2023-07-28,302.357421875,308.68149383512167,300.84349164185807,306.3626859694834,1920900
2023-07-31,303.12396240234375,305.0690904623415,301.83039770669114,301.83039770669114,1351400
2023-08-01,307.5508117675781,307.9436738999576,301.1117619415938,302.25201248048523,1913800
2023-08-02,304.49420166015625,307.50293807292593,303.4497760638524,304.2642449759629,1799700
2023-08-03,303.8713684082031,305.0499256005209,301.0159463341498,302.86524947916183,1355900
2023-08-04,298.95587158203125,304.5900446097486,298.23722765995905,302.3861857037096,2140600
2023-08-07,302.6640930175781,302.9132322872305,299.00379267256994,300.95851247990026,1530600
2023-08-08,301.97412109375,302.1178440064503,296.67532193979474,299.8469342607111,1550300
2023-08-09,298.5055236816406,302.0125095710114,297.240703346124,301.42799730193474,1504500
2023-08-10,297.43231201171875,301.6579412431437,295.95668849240553,298.47673753614873,1862400
2023-08-11,296.1291809082031,297.51857079377305,293.33127706868,295.09434657178787,1351200
2023-08-14,298.6779479980469,299.40618309951316,294.89310805715024,295.16140058268644,1334200
2023-08-15,294.5481872558594,298.4767799348012,293.6858203852859,297.8539610417035,1256100
2023-08-16,294.7781677246094,297.4227574624786,292.4976663427172,292.7755209374079,1212500
2023-08-17,292.86175537109375,296.2824778685372,292.0281039432583,295.4488556823949,1653700
2023-08-18,290.2746276855469,292.0951862663288,288.7127703650514,290.1788026567282,1997100
2023-08-21,293.6954040527344,294.44279255342775,290.37047704184437,291.50113644822994,1072400
2023-08-22,295.98541259765625,297.93054059420865,294.99847630860137,296.65615848958066,1139700
2023-08-23,302.15618896484375,303.4497537014922,296.32080459991477,297.03944842675367,1486100
2023-08-24,301.00640869140625,304.56129234867814,300.52731275542965,303.17190243766777,2077500
2023-08-25,305.4332275390625,306.37223678842105,301.0255394105259,303.4306101859757,1451500
2023-08-28,307.49334716796875,308.7677294500026,305.414058006899,305.4332405584011,1236400
2023-08-29,309.92718505859375,310.8087052406497,306.19980449180855,306.9951201526444,1525000
2023-08-30,309.73553466796875,310.3775361135187,308.068290103201,310.27211979781805,1470400
2023-08-31,310.2337341308594,312.5909069032527,310.1762449648685,311.28775091017854,1986300
2023-09-01,314.03778076171875,314.9768192813956,311.5081695381743,312.4184342309473,1732700
2023-09-05,312.52386474609375,315.13014780981626,310.91410941777275,314.0377950387943,1736600
2023-09-06,312.657958984375,314.0377574554318,310.1762458397956,310.6936775768649,1247900
2023-09-07,314.4786071777344,315.28348490030925,309.71639205455995,310.3583642805875,1533000
2023-09-08,311.8626708984375,316.6248850786806,310.96196831162916,315.7529270747835,1416800
2023-09-11,312.2459411621094,314.507288899732,310.9236318673026,313.7982071197724,1551300
2023-09-12,301.72503662109375,309.00727106903764,300.01942710728986,308.0107726289847,3205000
2023-09-13,300.7860107421875,303.46893625761777,299.8374101566773,301.0926391558638,2496200
2023-09-14,303.35394287109375,303.7372137483372,300.20148361550673,302.4340869173709,1904000
2023-09-15,299.4637145996094,303.4497964294148,298.4384422442807,303.0090363412318,3339300
2023-09-18,302.673583984375,303.5072060436938,297.9976040397436,298.95579569260445,1350700
2023-09-19,304.06298828125,304.4941862840325,297.9976471083793,298.0934721358524,1898800
2023-09-20,303.55517578125,309.80260555135214,303.2198320167236,305.42366164327535,1693100
2023-09-21,298.95587158203125,303.28688842537576,298.63968112266576,301.18844583358924,1911600
2023-09-22,302.8748779296875,305.33743816132824,299.84698797901774,300.9105962069308,1994400
2023-09-25,303.73724365234375,305.35659031669405,301.71547276186055,302.36703624149237,2054600
2023-09-26,297.6239318847656,301.3417206340478,295.82255591872797,299.64573172678325,2343600
2023-09-27,301.23638916015625,301.8113101770462,297.6623226686565,299.15709976755187,2435400
2023-09-28,288.1953125,293.8678203369855,282.177869680541,289.13435091066214,4326800
2023-09-29,294.2702941894531,296.36873674569404,290.2075699761663,291.6257044853775,3171700
2023-10-02,295.3722229003906,295.5638437213919,292.35389524225695,294.71106819829413,2063300
2023-10-03,293.4270935058594,298.52465179827914,292.7755008402636,294.2223798553729,2454800
2023-10-04,296.4549560546875,297.9976307178905,294.04029415862544,297.7484915085022,2153800
2023-10-05,296.7137145996094,297.4323585423787,292.6030630592936,295.8992456161314,2095400
2023-10-06,299.13787841796875,301.9357818931923,293.8965684871296,295.39134524604435,2441500
2023-10-09,298.96539306640625,300.00022720626725,295.46797006875346,296.8669509644903,1407600
2023-10-10,299.262451171875,302.24241344643735,298.5342160923356,300.25894952718113,1904600
2023-10-11,300.71539306640625,302.84177186885546,298.2233864576671,300.503715355553,1298000
2023-10-12,292.8448181152344,299.99373352912494,292.7004990935219,299.99373352912494,2295500
2023-10-13,290.4105529785156,294.42279814749,288.7460245786794,290.8627721763331,1672500
2023-10-16,293.7877197265625,296.18350331820477,290.52599273481815,292.5176537461613,1491600
2023-10-17,296.5876159667969,298.10782505269407,290.97820211898926,291.32456772224276,1576200
2023-10-18,292.2771301269531,297.6652651364168,291.83454202662864,295.11553132817176,1373800
2023-10-19,291.4785461425781,295.38493742858935,290.1699852226824,293.39324692715263,1384700
2023-10-20,285.7633056640625,291.45934137680666,284.73378098374764,290.9397635085113,2385700
2023-10-23,283.7812194824219,287.1968967615204,283.55030905721316,283.83894708872407,1314900
2023-10-24,284.8876953125,286.72543568896253,282.9248686720573,285.0608781258698,1849200
2023-10-25,281.6067199707031,284.3200349657131,280.10574345494746,282.42456689142267,2174900
2023-10-26,280.990966796875,284.70491346179057,279.3841366575358,282.6939900458111,2692500
2023-10-27,279.0666198730469,281.9531177180139,277.54638123143184,280.88509824662935,1480300
2023-10-30,281.6260070800781,282.70362832930306,278.70101414434123,280.70230655533373,1843500
2023-10-31,285.849853515625,286.03266737914475,281.991558998039,281.991558998039,1953400
2023-11-01,289.26556396484375,290.7472782772049,286.8890130691287,286.8890130691287,1973000
2023-11-02,296.4625549316406,297.19381041801205,289.9005763907108,292.18093425800487,2152800
2023-11-03,301.62939453125,304.7468321787795,297.318909863811,297.9250791109132,2145600
2023-11-06,301.2445068359375,302.29326410413995,299.272078559928,300.50364969132806,1426200
2023-11-07,303.2651062011719,306.32478705738504,300.8789239323079,301.1579602960686,1860400
2023-11-08,305.7955627441406,307.37349949648615,303.4478756807968,304.8814934257589,1815000
2023-11-09,302.331787109375,305.381866101942,301.5909298957869,305.27601257830105,1574900
2023-11-10,307.5948486328125,308.15289198900973,302.8513773347204,303.6018656346965,1433500
2023-11-13,303.6884460449219,304.9681138494512,302.41837993315045,304.0540738070659,1448600
2023-11-14,308.364501953125,310.0001955270555,306.76730323209046,307.7198673227069,1823700
2023-11-15,313.1849670410156,313.39664469095385,306.6807168547047,307.5274274544576,2347100
2023-11-16,314.9361267089844,317.1972222834159,313.74302111225853,314.72444905174035,2142100
2023-11-17,315.4268798828125,316.4852683991037,313.8778066530869,315.2633280993268,1561500
2023-11-20,318.3807067871094,319.48719175633573,313.87777719098534,314.1086876226919,1413900
2023-11-21,317.7649230957031,319.8624377341252,316.3216742295088,318.7655545015903,1602800
2023-11-22,320.5263366699219,322.83552899842715,320.21843652932824,321.5943267437033,1425700
2023-11-24,321.40191650390625,322.2293651121178,319.52568118923267,320.54557472924756,708500
2023-11-27,319.852783203125,321.7771148834802,319.62187279763316,321.19020781519805,1586900
2023-11-28,319.9779052734375,320.5840745186693,317.50513174030675,319.0542341851185,1377800
2023-11-29,320.7283935546875,323.09531356492744,320.18958297289265,322.3255925517846,1307300
2023-11-30,320.5359802246094,322.32559480602094,319.5930470183865,321.55587378749493,4298100
2023-12-01,325.269775390625,325.6931307012832,320.5551687360809,321.1709395933297,1688800
2023-12-04,323.70147705078125,325.99143666415296,321.52700201400324,322.50840069274517,2349500
2023-12-05,323.1241760253906,324.5674249412637,320.6995284173947,321.9695945104768,1516500
2023-12-06,322.7200927734375,326.6168532218672,322.30636845184625,324.9907903772199,1502100
2023-12-07,322.42181396484375,323.82656802257435,321.5751032353707,323.82656802257435,1870200
2023-12-08,324.47125244140625,324.933073331508,321.9022562883104,322.4218341526511,1274500
2023-12-11,329.3590087890625,329.43599850477364,322.51802329463635,322.52762498687036,1814100
2023-12-12,330.23455810546875,330.2634219059162,328.29099369507503,328.9933559602866,1935300
2023-12-13,330.63873291015625,332.1397094964949,327.0113483573582,330.40779310712105,2461000
2023-12-14,329.7631530761719,332.32251807688186,327.8484228313284,329.77275476903736,2551300
2023-12-15,331.12939453125,333.8330784095397,323.528289657977,325.6354353656795,3880200
2023-12-18,328.91644287109375,330.9658610862293,327.7522302684817,329.69579495812064,3208000
2023-12-19,328.5893249511719,331.75482999698585,319.4583495083233,320.14150851984317,3252800
2023-12-20,326.65533447265625,333.5155822776247,326.3762981302663,332.4860576815102,3406200
2023-12-21,335.5553894042969,336.27701389763945,327.3000181201672,327.3000181201672,3304200
2023-12-22,341.0397033691406,341.3957000419238,334.74713037611434,336.7580535149757,2313900
2023-12-26,340.0583190917969,341.50156807804126,338.21097683267044,340.74147808662843,1535700
2023-12-27,340.43353271484375,341.9345091121789,338.3263871257056,341.087798454611,1309700
2023-12-28,338.2879333496094,341.0878398746765,337.9608004400003,340.7414742161406,1300800
2023-12-29,337.6336669921875,339.5579989489207,336.2096507735338,338.48037775122623,1233500
2024-01-02,333.7945861816406,337.04668205642355,332.2262511641344,335.01652622795086,2319500
2024-01-03,325.1351623535156,330.763810217856,324.75990350230495,329.57073372001634,3060900
2024-01-04,324.33648681640625,326.943948080138,323.7976762828596,325.13510092492953,2750600
2024-01-05,323.88427734375,326.8958612789206,322.84515110177665,325.2120709706407,1510800
2024-01-08,327.47320556640625,327.588660788892,322.3256115687577,322.3256115687577,1909500
2024-01-09,329.7823486328125,329.79197968756694,325.24092459747123,326.4340008681465,1625900
2024-01-10,332.2648010253906,332.55346846851455,329.81128925521995,331.54317646204885,1569100
2024-01-11,334.80487060546875,335.2474586994331,330.0710014406812,330.50398784243254,1785800
2024-01-12,342.8486022949219,344.12829953474096,335.516901978165,336.7581043558528,2405900
2024-01-16,341.14556884765625,342.99294045615625,337.8260844585451,339.03842299421626,2097500
2024-01-17,341.51251220703125,345.0662053084014,339.73566565634616,339.73566565634616,1917100
2024-01-18,347.2099914550781,347.4321083103387,342.98034074291576,343.8011445975951,2064100
2024-01-19,351.4107360839844,352.2991741199005,347.760469044389,349.1220805670425,2506500
2024-01-22,354.60711669921875,355.99769736333275,351.02445445288134,351.5072941426377,2302500
2024-01-23,357.1661682128906,357.3013774743861,353.0910294422741,354.75196971644203,1693100
2024-01-24,356.2391357421875,359.4645015011419,355.2058516795034,358.2670684387102,2250100
2024-01-25,359.1747741699219,362.8347071007414,357.4172307076081,359.59967543488114,2227400
2024-01-26,358.33465576171875,361.299298540699,357.1178903085434,359.1554891313975,1404800
2024-01-29,360.5364074707031,362.5450076423716,357.3786169929148,357.8035182836863,1683100
2024-01-30,358.5567626953125,362.3712082544915,358.24776767323186,361.1641089598396,1849500
2024-01-31,351.3914489746094,359.928051921787,350.96654765174634,358.26708206064933,2320100
2024-02-01,358.18017578125,358.4698678341925,350.97621518616006,351.5073271066208,1500000
2024-02-02,360.1501159667969,361.9462653652045,356.7992075309837,359.4161902494978,1590500
2024-02-05,357.62969970703125,361.16408979060344,356.4032974980289,359.71557071390316,1787300
2024-02-06,352.18328857421875,358.95268112091463,349.9622082745847,357.8035202785841,4012000
2024-02-07,354.06634521484375,357.2241357057328,351.6231775178696,352.47298010293827,2531800
2024-02-08,355.8335876464844,356.7896009072572,354.3271300057882,355.06102637548685,1679800
2024-02-09,358.9140625,359.6962604279114,355.32173408395704,356.5771054701815,1482600
2024-02-12,354.8196105957031,357.68767988129497,353.6125112241611,356.8089080023884,1325000
2024-02-13,350.3581237792969,353.2068896593346,347.6445671544017,349.0061785788466,1696900
2024-02-14,358.24774169921875,358.45052611436245,353.67040146603506,353.67040146603506,2114600
2024-02-15,358.7595520019531,361.70486229092006,357.4365759809379,359.8024727541519,2358800
2024-02-16,356.79925537109375,360.6136715333215,355.7080328725426,359.5224490347704,2410200
2024-02-20,350.4933166503906,357.30134398417374,349.03513146474995,357.18546718243687,1631000
2024-02-21,348.5233459472656,349.9428958039819,346.6499256065599,347.97290163196436,1757700
2024-02-22,358.5664367675781,359.4162394048431,355.75630601170343,357.0310099676009,1614600
2024-02-23,364.3701477050781,364.9978334028204,360.0342272851937,361.1544188931039,1614500
2024-02-26,364.524658203125,367.24785162175255,363.92591224039296,363.92591224039296,1455000
2024-02-27,364.9399108886719,366.7167574740448,362.033206422009,364.06113908549014,1083200
2024-02-28,365.0557556152344,366.4656391841214,362.3325328342185,365.2585400226989,1264200
2024-02-29,361.9172668457031,367.34437949612095,361.30888420514174,367.34437949612095,3329500
2024-03-01,367.9141845703125,368.8895301931709,362.9023061349414,362.9023061349414,2110500
2024-03-04,370.5408630371094,373.6986537807456,368.51293024591706,369.18891766638075,1642900
2024-03-05,363.94525146484375,370.97539621136275,361.1254546927439,368.44532093698473,1539400
2024-03-06,367.75970458984375,369.91318044647386,364.833696934797,366.95820358574144,1451200
2024-03-07,373.6310119628906,374.21042548417097,370.53118940880523,371.44856713648625,1564300
2024-03-08,365.1909484863281,374.2103894794858,364.76604724295083,373.41852539226517,1641100
2024-03-11,360.4108581542969,362.6705443593734,354.47193588157313,361.5310497677033,2220000
2024-03-12,367.42169189453125,369.2951122023503,361.9849124062869,362.1297584156141,1793700
2024-03-13,365.72210693359375,368.0976700279377,364.7467613000986,366.47533569376117,1635800
2024-03-14,365.2295837402344,368.3970108730349,363.6362186848363,367.90453443748726,1706700
2024-03-15,361.7435607910156,362.2650359931373,354.2788473537839,356.1329650334384,3865400
2024-03-18,359.8797302246094,365.9345290370957,359.40652731140653,365.7607138298919,2164400
2024-03-19,365.10406494140625,365.3454847982542,358.296036766373,360.67159990610156,2062800
2024-03-20,367.3830871582031,368.1845881235643,362.32293634170213,365.0557961799504,2877600
2024-03-21,333.1883544921875,356.36465955581644,330.5327362036467,351.49762724079955,9574800
2024-03-22,325.9167785644531,338.44164083357487,324.26547513804775,338.3064315797361,5899600
2024-03-25,322.3631286621094,324.4779690650206,318.37486772447136,324.4779690650206,5320000
2024-03-26,324.8448791503906,326.2450964760236,322.8652188711113,323.63778000577906,3006500
2024-03-27,329.2387390136719,330.60998726677514,326.28376238915723,326.28376238915723,3295200
2024-03-28,334.714111328125,335.07143744896246,329.1421519885078,329.70226252480774,3614900
2024-04-01,327.52947998046875,333.1593776562965,326.4672267953516,333.02416840082924,2320200
2024-04-02,324.9124755859375,327.24943264985444,321.5712331864657,325.1152894740556,2453300
2024-04-03,320.8759460449219,325.61743537907176,320.49934640789365,324.7000281718813,1975700
2024-04-04,319.1280822753906,326.3899809766358,318.8383902345926,322.6528062993544,2273000
2024-04-05,321.57122802734375,322.36309217821594,318.99285116005836,320.1516781842711,3694700
2024-04-08,320.41241455078125,323.50260043254394,320.2965377374996,322.5658902315881,2431900
2024-04-09,322.97149658203125,323.3770654386055,318.5003961137843,322.19893535727516,2416600
2024-04-10,314.4793395996094,319.44275733543134,313.74260169414737,318.3085543149277,2156700
2024-04-11,315.2452087402344,316.9998538827492,313.3742381096,316.07889446129434,2204200
2024-04-12,305.7545471191406,312.6374234435962,303.6121408110848,311.1542145250498,4207900
2024-04-15,303.6897277832031,311.7650005867326,302.6330651511364,306.38471007365627,2997900
2024-04-16,304.3392028808594,305.9872259296971,302.3034184041482,305.5025167487802,2900300
2024-04-17,304.9209289550781,307.32506810360775,303.04992860842447,307.1796612332221,2760000
2024-04-18,306.3362731933594,308.0521334403259,302.46830250197854,303.0693372918434,3025100
2024-04-19,307.1893310546875,308.8082433405333,304.97905811532445,308.1393422261191,3381500
2024-04-22,307.71282958984375,309.302660526903,305.8515330751136,308.7985735633095,2433300
2024-04-23,307.1408386230469,310.0297162932101,306.8112398957349,308.7404027544807,2000300
2024-04-24,303.9515075683594,306.18115845184946,301.1886587192994,306.18115845184946,4133800
2024-04-25,299.55035400390625,300.75242362742864,296.01198195276066,299.7345459087116,3639000
2024-04-26,298.5906066894531,300.025327159703,297.8732168700229,299.94778669548896,3371800
2024-04-29,293.888916015625,299.1819327421189,293.2490962554964,297.66964224883486,4719100
2024-04-30,291.7077331542969,293.74351798235665,290.5153377131019,292.7643958009452,5225000
2024-05-01,289.5265197753906,294.208797903305,288.98364780648177,290.9515660898521,2617200
2024-05-02,291.1551208496094,294.05367241997436,289.14841764660196,291.56228959770004,2684200
2024-05-03,294.422119140625,295.63389240880946,292.44452646765,293.2685086225688,2767100
2024-05-06,296.7001953125,297.407881400037,293.99550967306624,295.83742831401156,2361300
2024-05-07,301.1595458984375,302.6039699539575,298.19312774246936,298.4839414501902,2483600
2024-05-08,302.4488525390625,303.8157361027323,300.6360447723065,300.6360447723065,2296400
2024-05-09,297.2334289550781,298.78450466434344,293.65630146391106,297.6115164174446,3238100
2024-05-10,296.96197509765625,299.8023939685547,296.7002427362514,298.58091711338545,1786900
2024-05-13,298.0089416503906,299.3564179680564,297.4951510339087,298.7263018662283,1695000
2024-05-14,297.5630187988281,302.7397100107043,296.85533264730714,299.453367113018,1813600
2024-05-15,299.0849914550781,299.0849914550781,292.22152134334317,295.67264891143384,4230800
2024-05-16,298.5809020996094,301.0916924989667,297.3691289579713,300.1901403818213,2583100
2024-05-17,294.3057861328125,300.5197628436645,290.8352805983584,300.26770454333337,4232000
2024-05-20,296.35125732421875,297.6793559807265,292.38630949069653,294.2282283705453,2418000
2024-05-21,294.354248046875,297.7568868704016,293.6950209816692,297.40791041026756,1866500
2024-05-22,297.7181091308594,298.7650977054875,294.40271434125003,294.66444669275427,2432400
2024-05-23,296.57415771484375,301.4794123479502,295.2460592685305,300.65543039288656,2526100
2024-05-24,291.7852783203125,298.0574174882815,291.1454585306542,297.504871401841,2048700
2024-05-28,288.6250305175781,291.13582131622024,286.77343731258435,290.2148617483954,3530200
2024-05-29,284.7860412597656,287.0448027667258,282.1104665128374,285.15442499630353,4480000
2024-05-30,276.09039306640625,281.6160906723576,275.5960097199037,281.1023000207682,5007800
2024-05-31,273.6571350097656,276.6623380389967,270.16722276886185,276.09035513503676,6882000
2024-06-03,273.1433410644531,278.7271709968206,272.1254339818966,277.59296802268585,3596600
2024-06-04,279.2507019042969,280.04563220630166,271.766789601809,273.14337694392236,3498600
2024-06-05,282.1201477050781,283.37070579377723,279.2506773661415,279.4445728905751,3002200
2024-06-06,282.818115234375,284.88298116486703,281.71299363953386,282.29465059780375,2363200
2024-06-07,279.5802917480469,282.8860124099434,279.33793712108354,282.5273322955265,2626900
2024-06-10,281.5481872558594,281.63543136435976,278.22308914436667,278.5914728809034,2509900
2024-06-11,285.2222900390625,285.309534147151,279.95835509427303,281.24766858176173,2457600
2024-06-12,276.9919738769531,285.1544615282975,276.71083421289825,282.71153742440066,3749600
2024-06-13,273.6862487792969,280.69512587587246,273.4632718651815,278.8726438750437,3119200
2024-06-14,277.94195556640625,278.17463611177476,272.1254448653492,272.80404961419384,2966200
2024-06-17,276.7980651855469,279.7741871029712,275.26639696122027,277.47666997432873,3559600
2024-06-18,276.6235656738281,281.0441115197762,275.69293222844533,276.5847806515152,5314900
2024-06-20,296.79718017578125,308.01335964849613,288.886721434701,305.00815629389143,11374600
2024-06-21,299.5309143066406,300.8590128096372,293.3266127461303,297.6405365523754,8473700
2024-06-24,297.8150329589844,302.81723569796753,295.36240547029587,296.02160291433233,4399600
2024-06-25,297.7762756347656,300.51971680658403,296.08946742955743,298.56150220548375,4481400
2024-06-26,295.30426025390625,296.39000424599647,290.27297584630907,290.7480110310773,3162100
2024-06-27,293.9179992675781,296.11856862634767,292.2408946014678,295.67264439709186,3162000
2024-06-28,294.1312561035156,296.20579620718416,292.4250701608325,294.2572852357779,14905500
2024-07-01,293.29754638671875,295.0521914514039,290.43777964961214,294.4414826658653,2411100
2024-07-02,294.5384216308594,294.70323579955243,291.7271137851591,291.7271137851591,2177200
2024-07-03,296.3997497558594,297.5049012080749,294.68388941007703,295.43033111397597,1751200
2024-07-05,289.9918518066406,296.3512345261319,288.5764795568714,295.5853856604955,3158900
2024-07-08,290.3117370605469,292.71590540607525,286.56009248744476,291.27145183479087,2557700
2024-07-09,288.94488525390625,290.0015479035699,285.47437992676834,289.9433851583998,2479200
2024-07-10,286.4049987792969,288.8867077272565,281.64515048105676,287.82034147985877,2283500
2024-07-11,290.1438903808594,294.223569728809,286.2394942014449,287.66104396681123,2988000
2024-07-12,302.45111083984375,303.8044966616248,291.1565331216325,291.70178593366586,3951600
2024-07-15,309.50042724609375,310.96093200590286,304.4373619071829,304.4373619071829,3866200
2024-07-16,316.4427490234375,316.58879358017674,309.656267955819,309.99705839757735,3640500
2024-07-17,317.0269470214844,319.91874801042616,315.0990697908401,317.3677374525545,4383900
2024-07-18,319.4610900878906,327.3964935805657,319.2079264133558,320.7365952396607,4563600
2024-07-19,320.5224609375,326.94868950705654,319.08141849989784,322.3724281751162,5376200
2024-07-22,322.78131103515625,324.05681619928293,321.0384336321406,322.0121035109577,3419300
2024-07-23,321.63238525390625,323.45317304140565,319.33453840789707,322.70342815418553,1994000
2024-07-24,320.02581787109375,323.7841991630627,319.5000575154777,320.70739869154824,3286500
2024-07-25,321.42791748046875,326.8512662053439,314.826436442109,317.01719381829986,2764500
2024-07-26,319.8116149902344,321.1260753307445,316.64718773651083,317.33851477682344,2438200
2024-07-29,317.61114501953125,320.3179462531406,315.34247742870764,320.0063647422385,1629200
2024-07-30,320.5321350097656,321.7492223545566,318.3413777891419,318.86713812797814,1985400
2024-07-31,321.91473388671875,325.1375788415822,320.37634853656715,322.907896190303,2606300
2024-08-01,319.4416198730469,329.9962281390269,317.8253539259071,325.0889233363635,2538100
2024-08-02,314.64141845703125,318.0784719741214,311.91515465544734,316.43296748579314,2682700
2024-08-05,305.4792175292969,309.5004793998389,302.0616560210032,303.4052956666453,3186500
2024-08-06,310.28912353515625,314.16434052081894,307.4070688866796,308.6533651979707,2284200
2024-08-07,309.64654541015625,317.1632795499406,309.55891866941636,311.5257512306417,2327700
2024-08-08,307.5628356933594,311.0972619884101,306.1899576448825,306.9980905428421,2213700
2024-08-09,307.51416015625,308.9649485539103,304.9728959079858,307.87444298925834,1851300
2024-08-12,305.69342041015625,309.11101156867966,304.5055418389636,307.16367159715406,2276500
2024-08-13,310.9220275878906,311.749653029535,306.8326314220806,307.7868090037445,2269600
2024-08-14,311.4088134765625,313.5898541350843,309.6464734340981,311.5743504244055,1404600
2024-08-15,316.5693359375,316.6472164643224,313.46332622031326,313.7943704588972,2271600
2024-08-16,318.31219482421875,319.081372694702,314.75827571654366,316.3551087057954,2292800
2024-08-19,320.765869140625,321.72979299813073,318.390111800828,318.93536466103853,1678200
2024-08-20,321.6713562011719,321.8661020886418,319.41243464834326,321.2429390199785,1790100
2024-08-21,324.8163146972656,324.8747325195579,321.83688690415994,322.1289760156213,1233900
2024-08-22,321.8660888671875,325.27393375957143,320.9702994212934,325.0986802964778,1679200
2024-08-23,324.4949645996094,324.97208306751793,320.9897766474163,322.92737028604,1518700
2024-08-26,327.9125671386719,328.3312380890767,323.0344711425004,324.3099764098586,1692200
2024-08-27,331.41778564453125,332.01171005721835,326.1794365069773,326.35468996835556,2154100
2024-08-28,328.5065002441406,334.5529819741333,326.28650435733,331.5930171724329,1528000
2024-08-29,331.25225830078125,334.8158940225821,330.04491702414543,331.29121342023564,1612600
2024-08-30,332.94647216796875,334.4069771845604,329.7236268084805,332.0214737718404,2004000
2024-09-03,332.8782653808594,336.44190072931497,330.72646325272643,332.371938023148,2049300
2024-09-04,334.9327087402344,335.828498147416,330.0546426106432,331.0477752393038,1478300
2024-09-05,331.9532775878906,335.3806147118586,330.56093673830253,335.15665993394776,1195100
2024-09-06,330.8919982910156,333.423546150102,327.89310786437744,331.72936991462814,1613400
2024-09-09,332.8101501464844,333.23856733625405,330.1617664797496,331.6612266439435,1569400
2024-09-10,338.5450439453125,338.83713303644885,333.2093220728537,334.7574536839724,1655700
2024-09-11,341.0863342285156,341.48554249292084,333.22881022235407,337.24032585523526,2121700
2024-09-12,340.67742919921875,343.1408132454141,336.11091427228735,341.2518909649582,2182100
2024-09-13,340.37554931640625,342.17684477927645,339.60637140195655,341.85554674988043,1812000
2024-09-16,344.7959899902344,345.63336157923356,340.42422152402423,341.6023538164279,2536400
2024-09-17,328.1657409667969,345.9254720335406,327.45495117873423,345.75021856713056,4528800
2024-09-18,327.328369140625,330.0741256356921,324.1931505935175,326.1794456871884,2150800
2024-09-19,326.4130859375,331.4177634581844,323.48235976048295,331.04776414401124,2645700
2024-09-20,327.3673095703125,327.49389141720684,323.1318393735601,323.57000273372535,5231000
2024-09-23,330.278564453125,330.5025192312464,325.25442411225873,328.49676157796875,1998500
2024-09-24,330.6777648925781,331.6514347873041,326.4520411151532,329.0420066008098,2842900
2024-09-25,328.1754455566406,330.80436631362676,325.3615548456314,326.31576209599984,3552700
2024-09-26,346.4415283203125,354.40614197279973,340.4924187457243,345.66260418795156,4454800
2024-09-27,340.4924011230469,348.90489423053833,340.1029093629741,346.9478080781557,2575200
2024-09-30,344.1728820800781,344.73759760554,338.5645333751177,339.3239947860769,2424900
2024-10-01,342.7123718261719,345.64309827383306,340.6871216186338,345.64309827383306,1827300
2024-10-02,346.90887451171875,347.78517152316704,342.08919637767985,343.4231194538027,2421300
2024-10-03,351.728515625,354.85401749104057,349.86880249502184,350.08301106795255,3646300
2024-10-04,352.70220947265625,358.1060957732192,350.3459447246754,354.610624056931,2131400
2024-10-07,347.4053955078125,352.4684906850392,346.4804269656579,350.5211509574976,1536800
2024-10-08,350.8912048339844,351.1540850410316,348.10649313919043,350.0635793782496,2348300
2024-10-09,355.4674072265625,356.81107649273923,351.2708921787488,351.4753842594615,2046400
2024-10-10,352.9939880371094,356.31793458619,350.88229697610666,355.42828489139293,2088000
2024-10-11,352.67138671875,355.2718945792275,352.00660331125874,354.4115726001225,1436500
2024-10-14,356.445068359375,357.44224347626425,353.08200778653634,353.49259702025654,2256500
2024-10-15,360.41424560546875,362.7019036276647,357.2564797470335,357.2564797470335,2955900
2024-10-16,363.9337158203125,364.5300577043894,356.71877860085397,357.510659043478,2110700
2024-10-17,366.75909423828125,367.1110577094945,363.46447508094184,364.65718879533455,1906900
2024-10-18,368.4308166503906,368.8903054268623,365.29262257512437,367.11103575850035,1893300
2024-10-21,367.619384765625,368.90008177942195,365.8400853082141,366.6124238348917,1785100
2024-10-22,363.4742431640625,366.47555430927605,362.8290016942619,366.24093189662005,1740200
2024-10-23,362.3401794433594,364.14880673928246,359.9938658485114,362.54547405122213,2211800
2024-10-24,356.0833435058594,365.08733673009624,355.61406883936934,359.2801932603938,2311800
2024-10-25,352.7300109863281,357.2760287749987,351.5470832876499,355.85844884423125,2129300
2024-10-28,353.2384338378906,358.7815973563005,352.329242125241,355.8584836449873,2717700
2024-10-29,354.9199523925781,356.9143025669534,351.01917577843983,352.83758897860133,2642900
2024-10-30,338.8183288574219,350.8040910205161,337.6158293391237,349.99266863125536,3916800
2024-10-31,337.1075134277344,340.0794971059008,334.9567082862983,336.921760718474,3078200
2024-11-01,337.9384765625,340.1674790333812,337.11723843138844,339.180059968233,2579800
2024-11-04,336.2080383300781,338.9258573261109,333.93992223461294,337.53763494414255,1931300
2024-11-05,337.7624816894531,339.6493364231171,334.5558460156319,335.12288997414146,1553900
2024-11-06,348.16448974609375,349.2398921511063,345.10449328978336,347.93962338663806,3009700
2024-11-07,352.6420593261719,353.9032144940521,348.3209373374617,349.99268173721174,2250500
2024-11-08,347.577880859375,354.64617862846967,347.17704772430943,352.7006685499814,2289500
2024-11-11,349.3083190917969,352.57364012864304,346.17991085430464,347.05977473875566,2985200
2024-11-12,352.5442810058594,354.03030250977577,348.96616987984163,349.6407391499097,3233600
2024-11-13,361.9393615722656,362.34998064034596,351.00942964499893,351.49824624104843,3353900
2024-11-14,353.97161865234375,363.67950803712984,352.95487188897926,363.0733802973337,3503000
2024-11-15,345.6617736816406,352.2510118261381,341.0473438376757,352.22168402387763,3614700
2024-11-18,344.89923095703125,347.5486086211313,343.9509255432024,345.66178367284226,1759900
2024-11-19,346.03326416015625,346.052806082489,342.16181541856764,343.3936427304364,2447000
2024-11-20,349.08349609375,349.3376604395603,343.78471098881505,345.79863300676135,1792700
2024-11-21,352.97442626953125,355.3696393490733,350.295721066203,351.47864878836685,2240100
2024-11-22,350.6379089355469,356.48416590941645,349.2887704158081,350.2272898854105,2211100
2024-11-25,353.2090759277344,356.00509231152716,350.4814711872899,351.94792085752965,3054800
2024-11-26,355.05682373046875,356.3766345372246,352.55408508780494,353.89343781825414,2106100
2024-11-27,354.05963134765625,357.49113331109044,352.8082620872723,355.9366703207339,1657000
2024-11-29,354.2649230957031,356.83610307778076,351.94793728219474,352.09457628906307,1311300
2024-12-02,353.29705810546875,355.23275256909164,348.97590663138095,354.6559526143256,2445500
2024-12-03,344.65478515625,346.41451282128884,338.8671840142426,340.99841703489943,3044700
2024-12-04,351.9772644042969,354.010728243938,345.2120298288635,345.7595318451091,2074000
2024-12-05,350.1197509765625,350.8725177317795,346.9522292426685,348.1058291537787,1821300
2024-12-06,354.5875244140625,363.56218878541756,353.46322252193744,357.1293465136668,2332100
2024-12-09,351.4591369628906,357.8137527911487,350.09045644380376,352.3879004410197,2185000
2024-12-10,354.7830810546875,358.15592751672403,349.1030345696328,350.50104288027507,2157800
2024-12-11,355.7020263671875,358.3905174136786,355.30119321278397,355.711812245464,1541300
2024-12-12,352.1239013671875,353.9032008634192,347.4508160961477,353.22863160204565,1834200
2024-12-13,350.657470703125,352.69096447650975,348.2818291760918,351.5373346203598,1808700
2024-12-16,349.0736999511719,352.94511898004896,348.47735803372984,351.5079970158072,2306300
2024-12-17,349.3083190917969,350.4619489049625,345.1240503249661,349.36697469509386,2479100
2024-12-18,339.8350524902344,351.36135593825423,339.35602178330544,349.3083203107067,3232900
2024-12-19,363.8359680175781,368.4797256247298,355.0665971955151,356.83611086533523,6075500
2024-12-20,358.1754455566406,363.74796633929554,353.90319354626973,362.4086137229545,7013100
2024-12-23,350.7454528808594,354.84173838100173,347.7734694301814,352.51496658836743,3549300
2024-12-24,353.54150390625,353.85435369508866,350.52062085558424,351.899087267344,1075400
2024-12-26,352.3683166503906,353.8543381646548,351.0387498586771,352.290119124112,910500
2024-12-27,348.2133483886719,352.368289039701,346.0821154033662,350.75520040100616,1195700
2024-12-30,344.60589599609375,346.69804523664163,341.41883224726246,344.72320719930286,1490100
2024-12-31,343.92156982421875,347.13796136567083,342.5919732429077,347.040221919909,1748600
2025-01-02,341.0179748535156,346.873987399322,338.3685677509443,345.2022432023627,2253600
2025-01-03,345.93548583984375,346.88379116063277,341.2819426365912,342.1715923569186,2029700
2025-01-06,343.47186279296875,346.5611873190267,341.82944615936765,344.9187706854256,2356300
2025-01-07,348.4187316894531,355.0959537247345,345.89642117223167,347.4019847457282,4663100
2025-01-08,349.7287292480469,355.4674312578838,347.401957499221,352.925579015427,2216900
2025-01-10,341.96630859375,349.992668417915,340.9397758831467,347.0890967630593,2830000
2025-01-13,341.330810546875,343.06121027004633,336.6674818975781,337.41049254786276,2711200
2025-01-14,341.1841735839844,344.6352173100753,337.899340615975,343.3545203074888,1825400
2025-01-15,341.9076843261719,347.2553393511364,341.25265692689885,344.4690786455701,2624000
2025-01-16,344.1755676269531,346.8165795040545,340.6804050613076,342.7519631715201,2025800
2025-01-17,346.1685791015625,350.49826717383024,345.50097054539384,348.4561616014943,4064800
2025-01-21,349.9288330078125,350.36079208996597,341.66216626162935,342.8894010542358,3098600
2025-01-22,352.5698547363281,353.6105775234332,348.37763099517485,351.7157040176066,3155800
2025-01-23,356.644287109375,356.70319198725235,351.13644133352744,351.56843041248766,2111100
2025-01-24,355.80975341796875,357.3707925703201,353.590903195007,355.54468147345995,1827800
2025-01-27,366.3541259765625,367.04138944828856,352.39310171337695,352.77601335208385,3855600
2025-01-28,371.4987487792969,375.06261379311974,363.997874621222,365.22510953228476,4052700
2025-01-29,367.6010437011719,374.9447981175142,366.3836063145962,372.95176985187726,2345600
2025-01-30,373.8157653808594,378.88179484460056,369.8591611046498,371.11584849367,2218600
2025-01-31,377.93927001953125,379.9519232613939,372.72597858567855,373.8157487901182,3104400
2025-02-03,378.1944885253906,379.61809288965514,371.64598035806335,374.19863475513046,2792900
2025-02-04,384.4877624511719,385.30266316525507,373.61936349433796,374.5619014259369,3166600
2025-02-05,390.9970397949219,391.0952245794442,383.30965355163283,383.7023627279327,3463400
2025-02-06,380.2857360839844,390.6337893336689,378.8916139914536,388.0026048522189,2828000
2025-02-07,378.9505310058594,383.41765427944455,378.3417972972632,381.9155198855642,2437400
2025-02-10,379.8439025878906,382.89724831458796,378.1748513156509,381.1692921703197,1771300
2025-02-11,382.9071350097656,383.2409393234901,376.89859743914207,377.98836770202587,2121000
2025-02-12,381.7485656738281,384.3797799457947,378.9701191749807,379.019196583941,2251000
2025-02-13,382.4358215332031,383.79069356547825,377.7232518191734,381.5325635244239,3387300
2025-02-14,380.9336853027344,383.8790488488895,380.3740590381359,382.8972610001711,2024700
2025-02-18,380.501708984375,383.37834028654623,374.5422493524151,377.6250776822037,3701100
2025-02-19,383.1132507324219,384.8804568532914,377.43851823629484,378.9602773980554,1438000
2025-02-20,377.83123779296875,382.89726676403046,377.2519865489198,380.8060538208947,2252400
2025-02-21,357.6260986328125,375.79897374065814,357.30209182130744,373.07943182648364,3751700
2025-02-24,357.2824401855469,360.24742887307985,354.48433866330015,357.773334138159,2755800
2025-02-25,356.3399353027344,358.92201234815656,352.9527550153677,354.5039667360031,1947600
2025-02-26,351.82366943359375,356.39880424607566,350.3607852154952,356.094452420424,2267500
2025-02-27,350.37066650390625,355.0341593406942,348.8979845554469,351.5291691125311,2735400
2025-02-28,342.1531066894531,352.59934504579223,336.17402156251865,350.6455666163597,5768000
2025-03-03,338.7070007324219,345.57951608718975,336.7630798504755,343.05634393504187,3011100
2025-03-04,339.4826354980469,342.87961340919657,335.77147825267315,335.9481928925028,3156300
2025-03-05,341.91748046875,342.4476243883522,337.2048803397528,338.9328367165641,2578500
2025-03-06,335.6143798828125,340.7785939437173,333.6311790653064,338.2455643246815,3467600
2025-03-07,335.94818115234375,336.6452721436282,329.7923817190786,332.82610277729765,4459900
2025-03-10,329.1934814453125,333.70971192254416,326.47393966131773,332.71812648575207,3454700
2025-03-11,321.8202819824219,328.3393384199189,319.62105659040924,327.013918689037,3390000
2025-03-12,318.42327880859375,323.9900297761169,317.0095316980548,322.5173478225891,3086200
2025-03-13,311.2955017089844,317.79493291885177,308.8802818631978,317.79493291885177,3667400
2025-03-14,313.0136413574219,313.0921712102209,308.5661431431381,310.6475288029032,4086000
2025-03-17,319.7781066894531,320.7795494546327,313.7793974116248,314.17210655245805,3518100
2025-03-18,318.1679992675781,319.1301321957005,313.67139408612724,317.74583767822696,2811300
2025-03-19,318.5606994628906,320.77954955387565,315.22262682209544,319.26758790132385,4314100
2025-03-20,295.4298095703125,301.2616322706384,286.2010090219638,290.75648943639465,10699500
2025-03-21,299.7594909667969,300.03439038229516,290.196856378258,292.6218737071064,11735300
2025-03-24,301.58563232421875,304.8058957836329,299.6220563133128,302.48889047242403,3793200
2025-03-25,303.2742614746094,306.7792512968954,299.8576589253717,301.9488418821211,3890400
2025-03-26,305.4931640625,307.05420341972234,303.39212331691243,303.40195078489137,3669700
2025-03-27,302.9110412597656,307.2996346852114,301.8801758757298,303.58847735617474,2871000
2025-03-28,298.7874755859375,304.42295807520486,298.30640913948037,302.7637342540848,2377500
2025-03-31,306.3570861816406,307.4075764001639,294.9290613349692,296.94174438534714,5511900
2025-04-01,307.8690490722656,310.2646140430442,305.3164243974469,305.9251281264203,3503900
2025-04-02,310.5689697265625,312.20856878987325,304.1088181844756,304.1088181844756,4123000
2025-04-03,295.9697570800781,306.11164235631946,295.48869062101136,302.3906580128992,3614800
2025-04-04,279.8684387207031,293.60364098740354,279.41682470449547,291.3946183517665,4659000
2025-04-07,279.53466796875,287.7031509516868,270.0015153074072,273.85993478280113,6333600
2025-04-08,276.26531982421875,287.69331574183633,271.64107710444534,285.0032264031632,4730400
2025-04-09,294.47747802734375,294.9781994660585,273.84030625123904,274.90062404651644,6702200
2025-04-10,281.4141540527344,292.1489810532332,274.62595285475044,288.56741331979254,4578600
2025-04-11,280.5458679199219,282.479705969308,273.03742741626877,278.80934307781683,5019500
2025-04-14,285.92315673828125,289.34685553276654,282.8151952074077,286.05142688352123,3299300
2025-04-15,284.8082275390625,288.182575417183,283.50583392172786,285.0548916282382,3273200
2025-04-16,281.433837890625,288.5969723788305,279.9538534168874,285.58768265970855,3183900
2025-04-17,278.58245849609375,282.8448216449749,278.01018088544913,281.7101426236378,2321500
2025-04-21,275.5040588378906,278.5725455820458,272.29742575407437,278.5725455820458,2835500
2025-04-22,280.1709289550781,281.2957316480155,276.4117706671872,277.64509110574363,2499500
2025-04-23,284.3149108886719,292.97775284735513,283.1407873677601,290.7183012679916,2763100
2025-04-24,287.5215148925781,287.8668506183247,280.9405041482809,281.19704442061163,3271400
2025-04-25,289.4751281738281,290.08685030837336,285.16341452446443,287.63005546076806,2919200
2025-04-28,289.33697509765625,292.1094770367366,286.02182420935776,290.5900178244187,1865200
2025-04-29,294.4873352050781,295.04973657630484,290.86629298951163,291.67535845930826,3251900
2025-04-30,295.1582336425781,295.55289015056053,287.817508174732,291.3300022833898,2834700
2025-05-01,296.51983642578125,300.6934036930756,294.5169252075115,296.796099003806,2848600
2025-05-02,301.2557678222656,302.2523003635571,299.8152579930439,300.93018447778337,1810000
2025-05-05,303.60400390625,305.2813316729031,299.3613938287547,299.3811161151719,3548600
2025-05-06,299.7461853027344,301.86752053090487,299.1542155845457,299.80538227455327,2719400
2025-05-07,302.0056457519531,303.97895849895696,299.4206108710362,300.73285059923404,2647700
2025-05-08,304.7584228515625,309.0701063491342,303.89016043266827,304.8768167977094,2861600
2025-05-09,303.7914733886719,307.43223760011733,302.6075038768019,305.89305615743353,1844400
2025-05-12,317.7921447753906,318.16707901149596,311.15193660368607,312.24714082548644,3271300
2025-05-13,318.2262878417969,321.36384797080194,317.26922992831703,317.6244418901016,2775500
2025-05-14,316.1345520019531,317.80200357521795,313.6580350277416,317.24947845026924,2417100
2025-05-15,318.897216796875,319.67668380866866,315.49327017439043,315.9471237019821,3050400
2025-05-16,313.45086669921875,313.81592474091235,305.59709037217556,313.18448031726035,3968000
2025-05-19,315.1282043457031,316.6081889564896,310.86584144015075,311.5762352577428,2247300
2025-05-20,315.9076232910156,316.0556157216186,313.1548737507131,314.2105731625893,2930500
2025-05-21,313.48046875,318.5518669261258,312.197827489949,312.8095496327537,2788000
2025-05-22,312.2274169921875,314.9308457817653,311.82288427156936,313.2732703243758,2996600
2025-05-23,305.4490661621094,307.5704014485809,303.7618921981785,306.9586492057029,2947200
2025-05-27,311.22100830078125,311.4874247885212,307.84666041255014,309.33649104058884,3248900
2025-05-28,311.7735290527344,313.15487202504977,309.85941333318414,310.5500848193418,3437600
2025-05-29,313.4903259277344,314.17112120286714,310.5796777160588,313.28310641939896,2557800
2025-05-30,312.5924987792969,314.73352638018304,309.8989158736001,313.9146147881753,4012700
2025-06-02,310.2738342285156,310.73756393333184,307.05732478190237,309.4450464793391,2340400
2025-06-03,308.7247619628906,309.80021375745673,306.4554644309234,308.823433618707,3678200
2025-06-04,312.1780700683594,312.5628805064008,310.19491123575204,310.90527491762003,2337800
2025-06-05,311.17169189453125,313.7172520896215,309.2279776343065,313.0660552698629,3787400
2025-06-06,313.411376953125,315.87801777616295,312.15833425475194,314.1711215972521,2309500
2025-06-09,312.3951416015625,314.97033043864377,311.82289414352414,313.76660843759146,2291300
2025-06-10,316.6377868652344,317.39750145765106,312.7700805075587,313.3324818851164,2356100
2025-06-11,314.96044921875,317.47641093074964,313.5988586036488,316.6377771003251,1859000
2025-06-12,313.885009765625,314.36846177311014,311.89194453895226,313.2634114072217,2194500
2025-06-13,307.5506591796875,313.0759410627185,307.1264041525655,310.12584805084475,3102600
2025-06-16,310.13568115234375,312.81938766255297,308.6458505201293,310.13568115234375,2930000
2025-06-17,307.86639404296875,311.73410036389276,307.688803118174,308.7938534640484,2533800
2025-06-18,302.2917785644531,310.0074384794313,301.7885741885834,310.0074384794313,4593100
2025-06-20,281.5621337890625,285.01543121038753,269.54466598933874,277.6747051402275,11697400
2025-06-23,291.0636291503906,291.3892125039314,280.43735088520697,282.1837218203787,5454900
2025-06-24,296.7073059082031,297.62488910927163,291.07350644518806,291.7345493537743,4940500
2025-06-25,290.6689758300781,297.624891271155,290.4223117348575,296.98357064565397,3164500
2025-06-26,292.12921142578125,292.99747386878875,288.69566645071444,292.6324158212432,3634000
2025-06-27,291.5174865722656,292.7409609625767,289.0804441011557,291.931895501802,4159500
2025-06-30,294.9017333984375,295.0201273437808,291.7937417813636,292.78039813970776,3136800
2025-07-01,298.5819396972656,300.13099739261924,293.9545190088286,294.1419861240809,3565600
2025-07-02,298.25634765625,299.124610036243,294.3393208581188,299.124610036243,2748500
2025-07-03,300.713134765625,301.2261852511268,298.2563699781925,298.95688758751226,1616100
2025-07-07,296.5296936035156,300.72298288941306,295.2963732253105,299.47978631286685,2753300
2025-07-08,299.2824401855469,303.66319653644354,296.50009232243184,297.72353649075706,2890500
2025-07-09,293.43157958984375,300.1309843432226,290.8564210823358,299.1147295517384,3177400
2025-07-10,285.9351501464844,290.139516327374,283.38678441819565,289.58422781949395,5197200
2025-07-11,278.6965637207031,285.32038433050576,278.07185654966395,284.79484231154447,5077100
2025-07-14,277.63555908203125,278.5775826522778,274.621144179155,278.32968489810304,4281800
2025-07-15,273.74853515625,278.7461320179211,273.6394444103443,278.6767436461148,3970300
2025-07-16,277.3182678222656,277.91319821250863,273.70886206302714,274.42280879227457,3176400
2025-07-17,280.3227844238281,280.74916128605685,275.91019242265946,278.38916989276424,3513000
2025-07-18,280.0649719238281,281.43337238204515,278.28012018064913,280.858232640584,4207400
2025-07-21,280.07489013671875,282.2068047351543,279.8071411996283,281.1358695087042,2955600
2025-07-22,284.54693603515625,284.65602677745966,279.43032300301076,279.43032300301076,3614500
2025-07-23,283.63470458984375,288.55298758908475,283.37688124045053,287.3035732170486,2953400
2025-07-24,279.3410949707031,282.0084772086388,276.92161048528226,279.41051360403674,3952800
2025-07-25,280.76898193359375,281.90930551652065,278.2007649084253,279.43032804887287,2632300
2025-07-28,274.7103576660156,278.6271236536543,273.39152479284365,277.8338630199677,3693900
2025-07-29,276.5547180175781,276.61421105544747,274.21457783217096,275.11692925446255,3492600
2025-07-30,271.6959228515625,276.3464868716134,270.09947593232795,276.15808216846773,4272700
2025-07-31,264.85394287109375,271.576928151229,263.89209846067683,268.72114143737446,4794100
2025-08-01,253.2225799560547,262.8806662741572,252.0624203423607,262.40472197784464,6042400
2025-08-04,256.6039123535156,256.9609008416778,254.4521466141116,255.90978656378397,3470600
2025-08-05,244.9923858642578,253.6489707125674,243.67356807118455,253.589477675816,10175900
2025-08-06,245.4584197998047,246.00379785438633,241.9481944556855,245.61707798486066,8064700
2025-08-07,239.6873779296875,249.21656805282814,237.8033610803125,246.11288337849516,7246300
2025-08-08,237.1885528564453,240.87727241087617,236.0283932574597,240.61946421014954,3810900
2025-08-11,236.60353088378906,239.7865446749918,234.9674117737505,235.99865976404863,4675000
2025-08-12,235.86973571777344,240.38147759091072,234.6798295973963,236.92081970961453,4832300
2025-08-13,243.6140594482422,244.6552329808763,235.314447966444,236.74234136771622,5278400
2025-08-14,244.0900421142578,244.5957480729825,240.3120828572824,242.4836544192022,4928200
2025-08-15,244.93287658691406,247.30277836646073,243.67356696677712,243.67356696677712,4223400
2025-08-18,247.03506469726562,248.8794245178793,243.03895427434887,244.9229710765932,3776000
2025-08-19,253.72830200195312,255.45366060459244,248.29437259762207,248.4232842653512,4555700
2025-08-20,252.90528869628906,258.2003961589059,252.84579565690203,254.87856024200133,5069900
2025-08-21,251.8542022705078,252.85570372849966,248.62160594325726,252.85570372849966,2670200
2025-08-22,257.04022216796875,259.9654277444008,252.33016488246506,252.54831611454767,3102600
2025-08-25,253.8968505859375,257.54592827944094,252.89534917363483,257.04020721154944,2358600
2025-08-26,253.2721710205078,254.5314958251331,251.03118081087607,253.19284192497068,4884400
2025-08-27,254.95787048339844,256.1180452564113,253.29200488298227,253.96627949349042,2239000
2025-08-28,254.015869140625,255.9593789461172,251.82444646504337,255.83046727976614,2984900
2025-08-29,257.7839050292969,258.1904609572831,253.9365272336757,254.75956468282862,2805800
2025-09-02,254.015869140625,258.2102795278521,249.86108547337128,255.68173468818972,3537800
2025-09-03,252.01284790039062,252.667301595088,249.2066586707068,251.08076506517438,2934800
2025-09-04,250.81301879882812,252.55821343418887,245.80548144558531,251.14024562992273,4165400
2025-09-05,252.80612182617188,256.47500549140165,248.08615412430376,250.803103774374,4235900
2025-09-08,253.42091369628906,253.8472905545131,247.37220267385376,253.13334383939034,4707800
2025-09-09,249.8710174560547,253.8076348721997,247.73908776258685,252.8557008703365,3456400
2025-09-10,241.06568908691406,249.92058947161112,238.63629415825602,249.92058947161112,5117500
2025-09-11,242.096923828125,242.50347974799544,240.3120722266514,241.16484104689022,4644500
2025-09-12,236.5341033935547,243.18768546155408,236.00856138974365,242.4439922338429,5637500
2025-09-15,235.86973571777344,240.21290894415105,233.93613638085094,238.64619341897156,5385900
2025-09-16,234.8186492919922,236.74233814639314,233.84689440231227,235.51275992747782,6464100
2025-09-17,239.21141052246094,243.13810228193768,234.99714890925074,235.73091654192766,5248200
2025-09-18,237.53561401367188,241.29373703959703,235.92922639328447,239.9451727485374,5698200
2025-09-19,237.68435668945312,238.94368148017438,232.21077020164765,237.50587757432356,11522600
2025-09-22,237.971923828125,240.45090126865534,236.58368738314147,237.8430121594646,6070400
2025-09-23,233.51966857910156,239.17173396447484,232.13144730215976,238.48753378852598,6777800
2025-09-24,237.069580078125,238.05126062330623,233.76758020485505,234.67984211682636,6855400
2025-09-25,230.60440063476562,239.96502209952436,227.47096944215136,236.4845431350529,10401100
2025-09-26,236.9604949951172,239.27090376779128,229.10709633885475,230.64406536639916,8163200
2025-09-29,244.9229736328125,247.0350672755285,235.2549615157278,238.4776322214227,7837500
2025-09-30,244.52633666992188,249.9800869472841,243.31659448886882,244.5164110768212,8966400
2025-10-01,241.66064453125,246.89624369820243,237.69428060898434,243.19759844674584,6545100
2025-10-02,242.28533935546875,246.0930451334577,241.20450880549672,242.8505534835416,4323200
2025-10-03,243.25711059570312,244.38752372682717,240.61947491292105,242.82080813623807,3384000
2025-10-06,246.0831298828125,246.32111716323578,240.0145979715547,243.9313792876801,3400900
2025-10-07,249.11740112304688,250.70395276523652,246.1228072158687,247.0350691144605,5930400
2025-10-08,250.85267639160156,251.53687657369784,245.56749476826005,249.59336676851723,5672000
2025-10-09,249.9205780029297,252.03267158189286,247.51101924141727,251.37821791933,4427400
2025-10-10,238.91392517089844,250.82292699639189,238.68586348964126,249.5338557393052,4548800
2025-10-13,241.51190185546875,241.90854733427503,237.85292863979956,240.19308400808393,3572500
2025-10-14,242.14651489257812,244.00080031851797,237.53562287629322,240.02451079531582,3788600
2025-10-15,237.69427490234375,245.23035709543322,237.04973170216343,241.8589538946402,4118100
2025-10-16,232.0521240234375,238.07107336910303,231.78439022386448,237.7934291067597,4800800
2025-10-17,236.3853759765625,237.10923316418535,231.6356617823148,232.37935502631134,4436100
2025-10-20,240.14349365234375,242.13660118389248,237.72402439715606,238.0809977512784,3495200
2025-10-21,248.40345764160156,249.9701732478459,240.4806551815695,240.4806551815695,4475500
2025-10-22,247.04498291015625,248.93892536508167,245.09154741567977,246.5194408868177,3899900
2025-10-23,247.70933532714844,247.98697958554436,243.37608767316894,243.99086922669173,2885700
2025-10-24,245.5675048828125,248.97858034070254,245.03205240069155,247.90766024598278,2793900
2025-10-27,248.66127014160156,250.12882053097812,245.11137267678313,247.34245234455202,3033200
2025-10-28,251.21957397460938,252.53837662717376,247.09455197914542,247.8977382301347,3425100
2025-10-29,245.6666717529297,253.29200901045613,245.4187740014131,251.0212571334966,5780700
2025-10-30,247.154052734375,249.76194186375636,243.4157504885791,243.74297732891986,3982200
2025-10-31,247.9969024658203,248.7703421958165,245.9740484562325,247.56060002726306,3847800
2025-11-03,246.35086059570312,247.43169111110635,240.89711031409973,247.43169111110635,4196300
2025-11-04,240.85743713378906,246.47977116851231,239.04283899932807,244.89321958689544,3688300
2025-11-05,245.736083984375,246.8962436155922,240.71862091478658,241.33341761125683,3631800
2025-11-06,239.31056213378906,246.57892579190187,238.1603129721541,245.6468278550762,3512400
2025-11-07,243.69338989257812,244.47675522729196,237.42654286725434,237.98183138627928,4047400
2025-11-10,242.4935760498047,246.17237009531408,238.37846442378398,245.26010821364235,2818600
2025-11-11,240.5203094482422,242.83071828342068,236.5241989468048,242.83071828342068,3766700
2025-11-12,244.45692443847656,244.89322689296156,240.2724092693379,241.94820045566547,3230700
2025-11-13,245.48818969726562,246.48969115443785,242.26551896610852,243.36617044441425,3703500
2025-11-14,243.1480255126953,247.0548811783231,242.03743335080932,243.7033140283997,2845000
2025-11-17,239.3006591796875,242.91996029767287,238.56687638862482,241.87878671577306,3187800
2025-11-18,237.98184204101562,239.71712630589803,235.43344588653028,239.03292608915362,3375300
2025-11-19,239.05274963378906,242.32500281667825,237.9818295849993,237.9818295849993,2554600
2025-11-20,238.7651824951172,242.69188938527782,237.52569378528432,240.7483644308498,2905500
2025-11-21,249.73219299316406,251.83436101746193,239.26097959229165,239.84602976644038,5959400
2025-11-24,241.57139587402344,249.21656918244204,241.19460158072732,248.87943187194836,5596900
2025-11-25,247.13421630859375,249.5636111893937,242.93979068954874,242.93979068954874,3664500
2025-11-26,245.7658233642578,249.82142672429433,244.8138893934745,248.17538211360508,2389100
2025-11-28,247.8977508544922,249.33555478335265,243.06870750959965,245.40886288288516,1493700
2025-12-01,255.2652587890625,256.7228987405021,248.90917210467524,251.00142967827045,5025100
2025-12-02,258.8250732421875,260.748762212846,254.83888829586175,255.63214899551318,4966400
2025-12-03,270.55560302734375,271.7554196315713,259.54893717517405,259.7770139929012,6961900
2025-12-04,267.0751037597656,278.349488058269,266.9065502438206,273.97656832242245,4119400
2025-12-05,264.3482360839844,268.72115594300624,263.8326196676317,265.8455481493127,3785400
2025-12-08,264.2590026855469,266.3710963667753,262.7815417724244,263.4954885060656,3218800
2025-12-09,267.2635192871094,270.10938059690903,265.0026930322027,265.6769676452025,3515000
2025-12-10,269.930908203125,271.33898076388516,265.7959603421301,266.12320232429386,3580500
2025-12-11,268.096435546875,275.31521632419145,267.44198190018716,270.87290831412207,4063100
2025-12-12,269.27642822265625,271.1406239968357,268.0270139780566,269.67305853906703,2983800
2025-12-15,272.3503723144531,274.07573087353376,268.74096675298085,273.67910054811864,4041700
2025-12-16,269.7524108886719,278.7659690054747,268.5525640496052,278.7659690054747,5503300
2025-12-17,271.4381103515625,277.0306981105386,269.71275169700664,270.35727979409137,5586800
2025-12-18,267.68988037109375,270.07961815603994,259.30102953307176,262.77159780598095,6923200
2025-12-19,269.96063232421875,274.4822845714726,267.72955271823344,267.72955271823344,8375700
2025-12-22,268.3939514160156,270.50601484358367,265.59765751118215,269.3260191233374,3289500
2025-12-23,268.4930725097656,269.3855285797522,266.5198161890114,267.55107925726963,2598800
2025-12-24,267.7097473144531,269.63343626268636,267.4717448985674,267.759314759745,1062700
2025-12-26,268.8103942871094,269.4648479631551,267.2337682652081,267.6303986037632,1411900
2025-12-29,269.05828857421875,270.9720518723499,267.6799928697822,268.70133035239223,2753800
2025-12-30,267.72955322265625,270.1292166071013,267.2535786785392,268.15593006330784,1784800
2025-12-31,266.0438537597656,268.6517429370486,266.0438537597656,267.47174722367,1973000
